average_sleep,AVG(l.cgpa),AVG(m.depression),AVG(m.anxiety)
4,2.88283582089552,3.34328358208955,3.41791044776119
6,3.01623376623377,3.02272727272727,3.20292207792208
8,3.0788643533123,3.06940063091483,3.14511041009464
