gender,AVG(m.anxiety),AVG(m.depression),AVG(m.social_relationships),AVG(m.future_insecurity),AVG(m.isolation),AVG(m.financial_concerns)
Female,3.20652173913043,3.16304347826087,2.76630434782609,3.15217391304348,3.29347826086957,3.61413043478261
Male,3.19730392156863,3.03553921568627,2.68872549019608,3.07843137254902,3.3296568627451,3.61887254901961
