financial_concerns,AVG(anxiety),AVG(depression),AVG(average_sleep)
1,3.17647058823529,3.01680672268908,6.70588235294118
2,3.17924528301887,3.23584905660377,6.45283018867925
3,3.19125683060109,3.07650273224044,6.42622950819672
4,3.17117117117117,3.01801801801802,6.51351351351351
5,3.23243243243243,3.03783783783784,6.47567567567568
