sports_engagement,AVG(anxiety),AVG(depression),AVG(average_sleep)
0,3.21076233183856,3.02242152466368,6.52017937219731
3,3.28571428571429,3.0984126984127,6.46349206349206
6,2.90625,3.03125,6.546875
7,3.24324324324324,3.12612612612613,6.46846846846847
