anxiety,depression,AVG(m.social_relationships)
1,1,2.76923076923077
1,2,2.4
1,3,2.84615384615385
1,4,2.58333333333333
1,5,1.5
2,1,3.03030303030303
2,2,2.93181818181818
2,3,2.8
2,4,2.61855670103093
2,5,2.125
3,1,2.44827586206897
3,2,3.03448275862069
3,3,2.57142857142857
3,4,2.45070422535211
4,1,2.72093023255814
4,2,2.93478260869565
4,3,2.81395348837209
4,4,2.66666666666667
4,5,2.74074074074074
5,1,2.89473684210526
5,2,3.11538461538462
5,3,2.42857142857143
5,4,2.64516129032258
5,5,2.4
