campus_discrimination,AVG(anxiety),AVG(depression),AVG(cgpa)
No,3.15106117353308,3.00499375780275,3.03252184769039
Yes,3.39195979899498,3.27638190954774,3.00552763819096
