academic_year,AVG(m.future_insecurity),AVG(m.financial_concerns)
"1st year",3.0241935483871,3.68548387096774
"2nd year",3.27586206896552,3.56896551724138
"3rd year",3.18548387096774,3.65322580645161
"4th year",3.68085106382979,3.8936170212766
