average_sleep,AVG(academic_workload),AVG(academic_pressure)
4,4.35820895522388,4.02985074626866
6,3.91558441558442,3.74675324675325
8,3.39116719242902,3.39747634069401
