residential_status,AVG(m.anxiety),AVG(m.depression),AVG(m.social_relationships),AVG(m.future_insecurity),AVG(m.isolation),AVG(m.financial_concerns)
Off-Campus,3.22433460076046,3.05449936628644,2.73130544993663,3.11533586818758,3.33967046894804,3.61977186311787
On-Campus,3.1042654028436,3.07582938388626,2.59715639810427,3.00473933649289,3.260663507109,3.61137440758294
